day,tweet_text,posted_status
0,"Welcome to my 30-Day AI & Data Challenge! üöÄ For the next 30 days, we'll explore the latest trends shaping our world. Let's learn together! #30DayChallenge #AI #Data",yes
1,"Day 1 of our #30DayAIChallenge! üöÄ What fuels modern AI? Big Data! It's defined by the 3 Vs: üìä Volume (massive scale), ‚ö° Velocity (real-time speed), and üñºÔ∏è Variety (text, images, video). Without this data, there's no intelligence. #DataScience #AI",yes
2,"Day 2: Ever hear of GIGO? It stands for ""Garbage In, Garbage Out."" It's the golden rule of AI. Flawed, biased, or messy data will ALWAYS lead to a flawed AI model. Quality is everything. #DataScience #MachineLearning #30DayAIChallenge",yes
3,"Day 3: How does an AI *actually* learn? üß† Think of it like this: üìö Training Data = The textbook it studies to learn patterns. üåç Real-World Data = The final exam to test its knowledge. The goal is to ace the exam, not just memorize the book! #AI #ML #30DayAIChallenge",yes
4,"Day 4: Data isn't just spreadsheets! Structured data (tables, databases) is easy for AI to use. But the real revolution is AI understanding unstructured data‚Äîthe text in your emails, the images you post, and the videos you watch. #AI #BigData #30DayAIChallenge",yes
5,"Day 5: AI models are a reflection of their data. If the data used to train an AI is biased (e.g., lacks diversity), the AI will make biased decisions. This is one of the biggest ethical challenges in tech today. #AIethics #DataScience #30DayAIChallenge",yes
6,"Day 6: Quick history lesson! Traditional AI used hard-coded rules (""if this, then that""). Modern AI learns patterns directly from data. This shift from rules to data-driven learning is why AI has exploded in recent years. #MachineLearning #AI #30DayAIChallenge",yes
7,"Week 1 Recap! We learned that AI relies on massive, high-quality, and diverse data. From the 3 Vs to the problem of bias, data is the true bedrock. What was your biggest takeaway this week? üëá #AI #DataScience #30DayAIChallenge",yes
8,"Day 8 of the #30DayAIChallenge! Welcome to the world of Generative AI. We've shifted from AI that *analyzes* data to AI that *creates* new things‚Äîtext, images, code, and more. This is where the magic happens! ‚ú® #GenerativeAI #AI",yes
9,"Day 9: Let's demystify Large Language Models (LLMs) like GPT-4! By training on nearly the entire internet, they become masters at one thing: predicting the next most likely word in a sentence. At scale, this creates pure magic. #LLM #GPT4 #AI",yes
10,"Day 10: Talking to an AI is a skill! ""Prompt Engineering"" is the art of giving clear, specific instructions to get the best results from an LLM. The better the prompt, the better the output. Are you a prompt artist yet? #PromptEngineering #AI #30DayAIChallenge",yes
11,"Day 11: From a simple line of text to a masterpiece. üé® AI Image Generators like Midjourney & DALL-E work by associating words with visual concepts from billions of images. They then ""dream up"" a new image based on your prompt. #AIart #Midjourney #GenerativeAI",yes
12,"Day 12: Can you hear the AI? üéß Generative AI is now creating realistic text-to-speech, cloning voices from just a few seconds of audio, and even composing original music. The sound of the future is here. #AImusic #VoiceAI #30DayAIChallenge",yes
13,"Day 13: The next frontier is here: AI Video. Tools like Sora are learning to turn text prompts into entire video clips. It‚Äôs still early, but this technology will change filmmaking, marketing, and content creation forever. üé¨ #Sora #AIVideo #GenerativeAI",yes
14,Week 2 Recap! We explored the incredible world of Generative AI‚Äîfrom LLMs predicting words to AIs creating art and video. Which form of GenAI are you most excited to use? (Poll below!) #GenerativeAI #AI #30DayAIChallenge,yes
15,"Day 15 of the #30DayAIChallenge! Let's get practical. Use AI as your personal assistant today. Ask it to summarize a long article, draft a tricky email, or help you brainstorm ideas for dinner. It's a productivity superpower. #AItools #Productivity",yes
16,"Day 16: AI is a game-changer for creators & marketers. Instantly generate blog post outlines, social media captions, and unique ad copy. It‚Äôs the ultimate cure for writer's block and a powerful tool for creativity. #ContentMarketing #AI #DigitalMarketing",yes
17,"Day 17: How is AI transforming business? Think automated customer service with smart chatbots, or using sentiment analysis to instantly understand thousands of customer reviews. It's all about efficiency and insight. #BusinessAI #Automation #30DayAIChallenge",yes
18,"Day 18: For the coders! üíª Tools like GitHub Copilot aren't just for autocompleting code. They're powerful partners for debugging, translating code between languages, and even writing documentation. It's like pair programming with an AI. #DevTools #Coding #AI",yes
19,Day 19: AI for Data Scientists! The pros are using AI to automate the tedious parts of their job‚Äîlike data cleaning and feature engineering‚Äîso they can focus on what matters most: uncovering groundbreaking insights. #DataScience #AI #Python,yes
20,"Day 20: AI is breaking barriers with ""multimodality."" This means a single AI model (like GPT-4o) can understand and process text, images, AND audio all at once. You can show it a picture and ask a question about it. The future is conversational! #MultimodalAI #AI #GPT4o",yes
21,Week 3 Recap! We saw AI in action everywhere‚Äîfrom our daily tasks to complex business operations. Challenge: Share one task you tried to automate or improve with AI this week. What did you discover? #AI #Productivity #30DayAIChallenge,no
22,Day 22: Let's talk money. AI is not just a tool; it's an economic force. It's creating entirely new markets (like prompt engineering) while fundamentally disrupting industries like customer service and content creation. #AIEconomy #FutureofWork #AI,no
23,"Day 23: With great power comes great responsibility. AI Ethics focuses on ensuring AI systems are fair, transparent, and accountable. We must build AI that serves humanity, not the other way around. #AIethics #ResponsibleAI #30DayAIChallenge",no
24,Day 24: Who owns the data that trains AI? This is a huge question. Data privacy is more critical than ever. Understanding your rights and how your data is used is key to navigating the AI age safely. #DataPrivacy #AI #GDPR,no
25,"Day 25: Will AI take your job? The better question is: how will AI *change* your job? The future belongs to those who can leverage AI as a tool for augmentation, focusing on creativity, strategy, and critical thinking. #FutureofWork #AI #Skills",no
26,"Day 26: What's next for AI? Look out for ""Autonomous Agents""‚ÄîAIs that can complete multi-step tasks on their own. The ultimate goal for some is AGI (Artificial General Intelligence), an AI with human-like cognitive abilities. #AGI #FutureTech #AI",no
27,"Day 27: Let's be real about AI's limits. Models can ""hallucinate"" (make things up), lack true common sense, and perpetuate biases. Knowing what AI *can't* do is just as important as knowing what it can. #AI #Tech #30DayAIChallenge",no
28,"Day 28: How do we build a better AI future? Through smart regulation, strong ethical guidelines, and keeping a ""human-in-the-loop."" Technology should empower people, not replace them. #ResponsibleAI #AIethics #Future",no
29,"Day 29: We've covered so much in our #30DayAIChallenge! From the basics of data to generative models and the ethical questions ahead. The key takeaway? AI is a powerful tool shaped by data, and its future is in our hands. What a journey! üöÄ",no
30,"Day 30: Challenge complete! üéâ Your AI journey is just beginning. Keep learning, stay curious, and continue experimenting. What AI topic are you most excited to explore more deeply after this challenge? Let me know! üëá #AI #LifelongLearning #Tech",no
